id,prediction
0,21.434669922331913
1,21.434669922331913
2,21.434669922331913
3,2779.3391999999985
4,3086.7099999999996
5,3086.7099999999996
6,3086.7099999999996
7,3086.7099999999996
8,3086.7099999999996
9,3086.7099999999996
10,3024.7778
11,3024.7778
12,3024.7778
13,3024.7778
14,3119.662699999999
15,3119.662699999999
16,3119.662699999999
17,3119.662699999999
18,3119.662699999999
19,2371.237025817922
20,1086.24162461368
21,21.602056035055156
22,21.98485603505516
23,29.846167333050072
24,29.692143379951244
25,29.692143379951244
26,29.692143379951244
27,3025.007333333333
28,3046.4705333333322
29,3056.324333333332
30,3094.6863933333325
31,3060.9168333333323
32,3060.0302333333325
33,3060.0302333333325
34,3060.0302333333325
35,3075.034233333333
36,3078.9150333333323
37,3060.0302333333325
38,3060.0302333333325
39,3060.0302333333325
40,3060.0302333333325
41,3075.034233333333
42,3084.355633333332
43,2799.602299999999
44,1115.1982385025685
45,21.3886452102811
46,21.195045210281105
47,21.371830119450642
48,29.156894203638977
49,29.498509636050134
50,2397.3776196274457
51,3059.7585333333327
52,3059.7585333333327
53,3009.471299999999
54,2984.869839487177
55,2984.869839487177
56,2984.869839487177
57,3060.0302333333325
58,3060.0302333333325
59,3060.0302333333325
60,3060.0302333333325
61,3091.859833333333
62,3119.662699999999
63,3119.662699999999
64,3119.662699999999
65,3119.662699999999
66,3119.662699999999
67,3119.662699999999
68,1239.8270838215963
69,605.2355083430328
70,12.458289108757622
71,11.849828737145904
72,21.291509550720196
73,21.434669922331913
74,2226.545894736842
75,3086.7099999999996
76,3086.7099999999996
77,3086.7099999999996
78,3086.7099999999996
79,3086.7099999999996
80,3086.7099999999996
81,3126.371599999999
82,3119.662699999999
83,3119.662699999999
84,3084.355633333332
85,3052.6866333333323
86,3060.0302333333325
87,3060.0302333333325
88,3060.0302333333325
89,3057.242833333333
90,3057.242833333333
91,3057.242833333333
92,1830.5702343201747
93,540.9777406440941
94,29.562343379951248
95,29.562343379951248
96,29.15817633432018
97,29.169616334320185
98,2810.2841904761895
99,3059.7585333333327
100,3103.828933333333
101,3068.8489333333328
102,3067.267133333333
103,3060.0302333333325
104,3060.0302333333325
105,3060.0302333333325
106,3060.0302333333325
107,3060.0302333333325
108,3060.0302333333325
109,3119.662699999999
110,3119.662699999999
111,3119.662699999999
112,3119.662699999999
113,3119.662699999999
114,3119.662699999999
115,3119.662699999999
116,2357.6388258179227
117,1119.8574287872484
118,21.730123079599892
119,29.363216334320185
120,29.404372751692666
121,28.840172819408465
122,2695.2237061538444
123,3013.6304394871777
124,2997.4780394871773
125,2984.869839487177
126,3075.034233333333
127,3091.859833333333
128,3091.859833333333
129,3084.355633333332
130,3119.662699999999
131,3119.662699999999
132,3119.662699999999
133,3119.662699999999
134,3119.662699999999
135,3119.662699999999
136,3119.662699999999
137,3119.662699999999
138,3119.662699999999
139,3119.662699999999
140,2361.6494258179223
141,1115.1982385025685
142,21.3886452102811
143,21.48539833805522
144,28.642384762628726
145,28.642384762628726
146,2738.3328061538446
147,2952.274006153844
148,2939.2279061538434
149,2984.869839487177
150,3003.2479061538443
151,3060.0302333333325
152,3060.0302333333325
153,3084.355633333332
154,3119.662699999999
155,3119.662699999999
156,3119.662699999999
157,3119.662699999999
158,3119.662699999999
159,3119.662699999999
160,3104.2021999999993
161,3119.662699999999
162,3119.662699999999
163,3119.662699999999
164,2352.0390924845897
165,1115.1982385025685
166,21.39728305065669
167,21.566707003755518
168,21.39728305065669
169,21.39728305065669
170,2215.9950784313723
171,2495.1835641456587
172,2487.6947641456586
173,2487.6947641456586
174,2487.6947641456586
175,2487.6947641456586
176,2514.534764145659
177,2789.1305357142865
178,2904.798783333333
179,2929.0169333333324
180,3086.7099999999996
181,3086.7099999999996
182,3052.6627999999987
183,3124.3794999999996
184,3124.3794999999996
185,3119.5889999999995
186,3033.1077333333324
187,3036.6783333333324
188,2250.602629151256
189,1146.4850336787622
190,28.94787028815425
191,21.307929400460498
192,21.434669922331913
193,21.434669922331913
194,3051.9587999999994
195,3072.704799999999
196,3072.704799999999
197,3072.704799999999
198,3086.7099999999996
199,3086.7099999999996
200,2960.9007999999994
201,2959.6072
202,2960.9007999999994
203,2955.614199999999
204,3024.7778
205,3019.5989999999993
206,2974.3911999999996
207,3019.5989999999993
208,3031.6219999999994
209,2959.6072
210,2950.519
211,2802.1017357142864
212,2055.831852380952
213,583.4220218642655
214,21.718493875430745
215,21.718493875430745
216,21.291669922331916
217,21.566856035055157
218,2736.848583333333
219,2736.848583333333
220,2645.4200055555552
221,2700.5045833333334
222,2948.0991833333314
223,3038.249133333333
224,3028.045533333333
225,2940.467933333332
226,2940.467933333332
227,2940.467933333332
228,2940.467933333332
229,2881.725733333332
230,2650.1465833333327
231,2779.572583333333
232,2645.4200055555552
233,2766.7946690476197
234,2946.3538499999995
235,3020.406399999999
236,2496.7528666666667
237,1113.41822461368
238,21.434669922331913
239,21.434669922331913
240,21.610693875430744
241,21.575493875430745
242,2542.8204784313734
243,2739.414516666667
244,3101.513799999999
245,3086.7099999999996
246,3086.7099999999996
247,3086.7099999999996
248,2964.3239999999996
249,2964.3239999999996
250,2964.3239999999996
251,2964.3239999999996
252,2989.0937999999996
253,2959.0373999999993
254,2959.0373999999993
255,3124.3794999999996
256,3119.662699999999
257,3119.662699999999
258,3119.662699999999
259,3119.662699999999
260,2753.416599999999
261,1116.9324468281875
262,21.434669922331913
263,21.434669922331913
264,21.14110997333206
265,21.203683050656693
266,3048.566399999999
267,3072.704799999999
268,3072.704799999999
269,3067.9879999999994
270,3086.7099999999996
271,3086.7099999999996
272,3086.7099999999996
273,3086.7099999999996
274,3124.3794999999996
275,3119.662699999999
276,3119.662699999999
277,3071.3847999999994
278,3068.9119999999994
279,3119.662699999999
280,3119.662699999999
281,3126.371599999999
282,3054.8358499999995
283,2971.664849999999
284,2852.8404666666665
285,593.2682552058526
286,20.9857095507202
287,21.254283050656692
288,21.39728305065669
289,872.6045101085292
290,3119.662699999999
291,3108.919
292,3029.4945999999995
293,3030.7881999999995
294,3124.3794999999996
295,3124.3794999999996
296,3124.3794999999996
297,3108.919
298,3029.4945999999995
299,3029.4945999999995
300,3029.4945999999995
301,3029.4945999999995
302,3030.7881999999995
303,3030.7881999999995
304,3029.4945999999995
305,3119.662699999999
306,3119.662699999999
307,3119.662699999999
308,3081.908499999999
309,1115.1982385025685
310,21.39728305065669
311,21.39728305065669
312,21.39728305065669
313,1221.975435145654
314,3137.3176999999982
315,3119.662699999999
316,3130.730899999999
317,3112.0088999999994
318,3124.3794999999996
319,3119.662699999999
320,3119.662699999999
321,3119.662699999999
322,3119.662699999999
323,3124.3794999999996
324,3030.7881999999995
325,3029.4945999999995
326,3058.532399999999
327,3023.8004499999997
328,3023.8004499999997
329,2971.664849999999
330,2837.6034500000005
331,2544.214964145659
332,2484.1175641456584
333,610.8098218642655
334,21.718493875430745
335,21.718493875430745
336,21.718493875430745
337,1135.5202533690472
338,2542.8204784313734
339,2542.8204784313734
340,3123.1834333333327
341,3072.704799999999
342,3072.704799999999
343,3072.704799999999
344,3072.704799999999
345,3072.704799999999
346,3057.3795999999984
347,3124.3794999999996
348,3124.3794999999996
349,3124.3794999999996
350,3124.3794999999996
351,3124.3794999999996
352,3124.3794999999996
353,3124.3794999999996
354,3124.3794999999996
355,3124.3794999999996
356,3138.8686999999995
357,1104.7044829470128
358,21.254283050656692
359,21.39728305065669
360,21.254283050656692
361,1275.8835381976621
362,2870.5561499999985
363,3124.3794999999996
364,3124.3794999999996
365,3124.3794999999996
366,3124.3794999999996
367,3124.3794999999996
368,3124.3794999999996
369,3124.3794999999996
370,3124.3794999999996
371,3124.3794999999996
372,3124.3794999999996
373,3124.3794999999996
374,3124.3794999999996
375,3124.3794999999996
376,3124.3794999999996
377,3119.662699999999
378,3119.662699999999
379,3119.662699999999
380,2791.7409666666667
381,614.2385190299926
382,21.434669922331913
383,20.9857095507202
384,21.291669922331916
385,1852.8216280701743
386,2877.6676499999994
387,2877.6676499999994
388,2964.3239999999996
389,2965.6175999999996
390,3084.9917999999993
391,3083.339599999999
392,3072.704799999999
393,3072.704799999999
394,3057.3795999999984
395,3124.3794999999996
396,3124.3794999999996
397,3124.3794999999996
398,3124.3794999999996
399,3124.3794999999996
400,3124.3794999999996
401,3124.3794999999996
402,3119.662699999999
403,3119.662699999999
404,3119.662699999999
405,1210.2876805665387
406,533.1210517552051
407,29.692143379951244
408,29.363216334320185
409,2237.2988258179234
410,3060.0302333333325
411,3060.0302333333325
412,3060.0302333333325
413,3060.0302333333325
414,3140.1028999999994
415,3060.0302333333325
416,3060.0302333333325
417,3060.0302333333325
418,3060.0302333333325
419,3060.0302333333325
420,3060.0302333333325
421,3113.9500333333326
422,3131.2398333333326
423,3067.6906333333322
424,3065.294833333332
425,3052.6866333333323
426,3065.294833333332
427,3060.0302333333325
428,3060.0302333333325
429,1805.2877426535083
430,542.5410257980078
431,29.692143379951244
432,21.371918119450637
433,2034.5347258179231
434,3046.0393333333323
435,3051.402933333333
436,3095.247833333333
437,3073.509193333332
438,3052.6866333333323
439,3060.0302333333325
440,3060.0302333333325
441,3060.0302333333325
442,3060.0302333333325
443,2941.761533333332
444,3029.4945999999995
445,3029.4945999999995
446,3124.3794999999996
447,3124.3794999999996
448,3091.859833333333
449,2943.255333333332
450,2943.255333333332
451,2944.5489333333326
452,2878.850333333332
453,1838.640448734589
454,540.9777406440941
455,29.692143379951244
456,21.19224305065669
457,1877.1888280701748
458,3031.9813333333323
459,3119.662699999999
460,3119.662699999999
461,3119.662699999999
462,3084.355633333332
463,3119.662699999999
464,3119.662699999999
465,3119.662699999999
466,3084.355633333332
467,3119.662699999999
468,3119.662699999999
469,3119.662699999999
470,3119.662699999999
471,3119.662699999999
472,3119.662699999999
473,3119.662699999999
474,3119.662699999999
475,3119.662699999999
476,3119.662699999999
477,1899.8350070679226
478,607.1193190299925
479,21.14110997333206
480,21.388593241777166
481,2320.4261280701744
482,2931.413506153844
483,2984.869839487177
484,2984.869839487177
485,2984.869839487177
486,2984.869839487177
487,2984.869839487177
488,2984.869839487177
489,2984.438639487177
490,3047.1540394871777
491,2916.7877933333307
492,3119.662699999999
493,3119.662699999999
494,3119.662699999999
495,3119.662699999999
496,3119.662699999999
497,3119.662699999999
498,3119.662699999999
499,3119.662699999999
500,3067.2883999999995
501,1835.7619781892229
502,591.9994445897763
503,15.854060712374075
504,21.203683050656693
505,2366.053825817923
506,3119.662699999999
507,3097.854099999999
508,3065.294833333332
509,3060.0302333333325
510,3060.0302333333325
511,3060.0302333333325
512,3060.0302333333325
513,3060.0302333333325
514,3060.0302333333325
515,2932.915333333332
516,2998.268533333333
517,3091.859833333333
518,3026.0713999999994
519,3026.0713999999994
520,3119.662699999999
521,3119.662699999999
522,3119.662699999999
523,3119.662699999999
524,3026.0713999999994
525,1877.4352873310809
526,589.9613902053138
527,21.46082916337993
528,29.663406961438355
529,1891.1203229166663
530,2742.8963833333332
531,2798.7037833333334
532,2897.110333333332
533,2940.467933333332
534,2940.467933333332
535,2903.5475333333325
536,2933.603933333332
537,2905.597933333332
538,2943.255333333332
539,3060.0302333333325
540,3060.0302333333325
541,3060.0302333333325
542,3060.0302333333325
543,3059.7585333333327
544,3059.7585333333327
545,3059.7585333333327
546,3189.4455999999996
547,3059.7585333333327
548,3059.7585333333327
549,1889.7101487345892
550,540.9777406440941
551,29.692143379951244
552,21.531507003755518
553,1859.9810570135744
554,3024.3729999999987
555,3029.4945999999995
556,3029.4945999999995
557,2746.2767357142857
558,2746.2767357142857
559,3029.4945999999995
560,3029.4945999999995
561,3030.7881999999995
562,3124.3794999999996
563,2840.71755
564,2840.71755
565,3124.3794999999996
566,3119.662699999999
567,3119.662699999999
568,3119.662699999999
569,3119.662699999999
570,3119.662699999999
571,3119.662699999999
572,3119.662699999999
573,1859.183357190472
574,632.3931329188814
575,21.701032081956328
576,29.05577281940847
577,2316.5222280701746
578,2984.869839487177
579,2984.869839487177
580,2984.869839487177
581,2984.869839487177
582,2984.869839487177
583,2984.869839487177
584,3060.0302333333325
585,3059.7585333333327
586,3059.7585333333327
587,3059.7585333333327
588,3059.7585333333327
589,3038.249133333333
590,3038.249133333333
591,3038.249133333333
592,3059.7585333333327
593,3059.7585333333327
594,3059.7585333333327
595,3059.7585333333327
596,3059.7585333333327
597,1889.7101487345892
598,540.9777406440941
599,29.692143379951244
600,21.663645210281103
601,2254.082625817923
602,3060.0302333333325
603,3060.0302333333325
604,3060.0302333333325
605,3060.0302333333325
606,3060.0302333333325
607,3060.0302333333325
608,3060.0302333333325
609,3060.0302333333325
610,3060.0302333333325
611,3060.0302333333325
612,3060.0302333333325
613,3060.0302333333325
614,3084.355633333332
615,3119.662699999999
616,3119.662699999999
617,3119.662699999999
618,3119.662699999999
619,3130.730899999999
620,3086.7099999999996
621,1861.9281820679225
622,632.0675329188815
623,21.14110997333206
624,21.674507003755515
625,1979.4145239382237
626,3104.2021999999993
627,3119.662699999999
628,3119.662699999999
629,3119.662699999999
630,3119.662699999999
631,3026.0713999999994
632,3029.4945999999995
633,3030.7881999999995
634,3119.662699999999
635,3124.3794999999996
636,3124.3794999999996
637,3119.662699999999
638,3119.662699999999
639,3119.662699999999
640,3026.0713999999994
641,2963.395599999998
642,2919.881249999999
643,2778.458335714286
644,2441.6239170868353
645,1406.6948831139123
646,570.8748803066625
647,29.64044028741901
648,29.510640287419015
649,1290.2775610137903
650,2371.2154313725487
651,2537.179678431373
652,2518.217564145659
653,2829.723049999999
654,3023.0903999999987
655,3021.5784499999986
656,2825.64425
657,2843.01325
658,3024.7778
659,3024.7778
660,3029.4945999999995
661,3030.7881999999995
662,3124.3794999999996
663,3124.3794999999996
664,3015.190199999999
665,2939.868249999999
666,3098.2594499999996
667,2796.7340500000005
668,2746.2767357142857
669,1442.1253576610643
670,566.9649474999999
671,21.531507003755518
672,29.169616334320185
673,2306.040025817923
674,3060.0302333333325
675,3060.0302333333325
676,3060.0302333333325
677,3060.0302333333325
678,3060.0302333333325
679,3060.0302333333325
680,3060.0302333333325
681,3060.0302333333325
682,3060.0302333333325
683,3057.242833333333
684,3057.242833333333
685,3057.242833333333
686,3057.242833333333
687,3057.242833333333
688,3049.554933333333
689,3059.7585333333327
690,3059.7585333333327
691,3069.6123333333326
692,3069.6123333333326
693,1852.517773734589
694,542.5410257980078
695,29.692143379951244
696,21.42603208195633
697,1961.9958020083986
698,3086.7099999999996
699,3022.678999999999
700,3119.662699999999
701,3024.7778
702,3024.7778
703,3024.7778
704,3024.7778
705,3119.662699999999
706,3119.662699999999
707,3119.662699999999
708,3119.662699999999
709,3104.2021999999993
710,3029.4945999999995
711,3029.4945999999995
712,3029.4945999999995
713,3029.4945999999995
714,3030.7881999999995
715,3124.3794999999996
716,3119.662699999999
717,1858.829982190472
718,605.1989329188816
719,21.254283050656692
720,3.750754060471039
721,3.750754060471039
722,3.750754060471039
723,491.54756422655004
724,533.2777612009147
725,533.2777612009147
726,533.2777612009147
727,533.2777612009147
728,533.2777612009147
729,533.2777612009147
730,504.5262584881136
731,504.5262584881136
732,502.2557337434889
733,504.5262584881136
734,532.6224028832596
735,532.6224028832596
736,532.6224028832596
737,532.6224028832596
738,532.6224028832596
739,367.37041525590996
740,148.25035843395688
741,3.7516998928517613
742,3.240201373020867
743,3.6509189690035084
744,3.6490104514760646
745,3.6490104514760646
746,3.6490104514760646
747,545.4483192542716
748,553.7207669268839
749,570.1584384567186
750,566.1597755500852
751,556.4686796502785
752,550.6082230730672
753,550.6082230730672
754,550.6082230730672
755,549.7069304329091
756,549.3248702578409
757,550.6082230730672
758,550.6082230730672
759,550.6082230730672
760,550.6082230730672
761,549.7069304329091
762,532.4827809728939
763,484.0623612049335
764,143.7724422751976
765,2.5910388332521785
766,2.5910388332521785
767,2.5963814866465578
768,2.7035703140524525
769,2.3404090256293753
770,260.20495499696096
771,554.6220595670419
772,554.6220595670419
773,600.4356300631384
774,593.9681574676968
775,593.9681574676968
776,593.9681574676968
777,550.6082230730672
778,550.6082230730672
779,550.6082230730672
780,550.6082230730672
781,538.9738467316853
782,532.6224028832596
783,532.6224028832596
784,532.6224028832596
785,532.6224028832596
786,532.6224028832596
787,536.0628420773011
788,154.4250930857835
789,129.4385157016022
790,4.276859277387316
791,2.5086580888750816
792,3.415474750576519
793,3.3678455899082054
794,314.86842732938953
795,533.2777612009147
796,533.2777612009147
797,533.2777612009147
798,533.2777612009147
799,533.2777612009147
800,533.2777612009147
801,545.2300972118264
802,532.6224028832596
803,532.6224028832596
804,532.4827809728939
805,556.4686796502785
806,550.6082230730672
807,550.6082230730672
808,550.6082230730672
809,542.8908364297899
810,544.7324740278493
811,542.8908364297899
812,313.9369021170402
813,117.16808892713469
814,3.6499731366227848
815,3.649958041357717
816,3.2946556440065713
817,3.2946556440065713
818,505.64870716616684
819,554.6220595670419
820,541.1389308531692
821,554.1946092451694
822,565.6878270415312
823,550.6082230730672
824,550.6082230730672
825,550.6082230730672
826,550.6082230730672
827,550.6082230730672
828,550.6082230730672
829,532.6224028832596
830,532.6224028832596
831,532.6224028832596
832,532.6224028832596
833,532.6224028832596
834,532.6224028832596
835,532.6224028832596
836,346.5232678179665
837,144.69270373307634
838,1.7459247936003977
839,3.2946556440065713
840,3.498660104198945
841,5.42424890031912
842,531.2650426137765
843,598.1154979265572
844,598.1154979265572
845,598.0020944962823
846,549.7069304329091
847,538.9738467316853
848,538.9738467316853
849,532.4827809728939
850,532.6224028832596
851,532.6224028832596
852,532.6224028832596
853,532.6224028832596
854,532.6224028832596
855,532.6224028832596
856,532.6224028832596
857,532.6224028832596
858,532.6224028832596
859,532.6224028832596
860,367.27899230155623
861,143.7724422751976
862,2.5910388332521785
863,2.3404090256293753
864,4.66226849751842
865,4.66226849751842
866,540.6703870281361
867,609.7677576353545
868,594.0573837653353
869,593.9681574676968
870,595.4765767756476
871,550.6082230730672
872,549.7069304329091
873,532.4827809728939
874,532.6224028832596
875,532.6224028832596
876,532.6224028832596
877,532.6224028832596
878,532.6224028832596
879,532.6224028832596
880,517.2717264154751
881,532.6224028832596
882,532.6224028832596
883,532.6224028832596
884,333.0297271978785
885,143.7724422751976
886,2.5910388332521785
887,2.5919846656329013
888,2.5910388332521785
889,2.5910388332521785
890,392.7174945694885
891,445.5680575428786
892,441.9332892833683
893,436.30933369420154
894,436.30933369420154
895,444.3159448436496
896,459.57459462873203
897,446.52077735339003
898,439.44704491789764
899,484.7000870829195
900,533.2777612009147
901,533.2777612009147
902,534.0887850473299
903,524.9050162399824
904,524.9050162399824
905,541.8925050349314
906,541.2728611824547
907,554.6220595670419
908,321.84714377430754
909,156.50096934931807
910,5.927594404144064
911,4.394092687423854
912,3.750754060471039
913,3.750754060471039
914,524.7514929680585
915,525.5603745576376
916,525.5603745576376
917,525.5603745576376
918,533.2777612009147
919,533.2777612009147
920,506.69333761907416
921,506.69333761907416
922,504.42281287444945
923,525.413551336784
924,504.5262584881136
925,521.5137472830628
926,522.6735566275581
927,521.5137472830628
928,516.346372406121
929,497.81712279219283
930,494.1122302120085
931,447.77289005261895
932,298.60995916502543
933,108.16292509934587
934,3.7517015126429123
935,3.7516998928517613
936,3.75075568026219
937,3.7516864173778446
938,441.50027735203685
939,443.93962949792694
940,437.01894765170675
941,438.56607873193684
942,491.9132327545859
943,546.543281908338
944,560.2516538514833
945,510.7003999726666
946,505.7881481489286
947,512.542037570726
948,507.62978574698803
949,478.80352345634094
950,443.8524350053719
951,448.4454235225307
952,438.2710603509357
953,427.8507919774622
954,477.433503426331
955,498.1643240738967
956,400.3031171322021
957,148.55443371247776
958,3.750754060471039
959,3.750754060471039
960,3.7517015126429123
961,3.7517015126429123
962,462.1701717054329
963,456.8005819145061
964,507.72497302385864
965,533.2777612009147
966,533.2777612009147
967,533.2777612009147
968,508.0303027129249
969,499.6841708175429
970,499.15408788604344
971,508.0303027129249
972,516.749478756437
973,526.7505164306345
974,526.2810464660336
975,524.9050162399824
976,532.6224028832596
977,532.6224028832596
978,532.6224028832596
979,532.6224028832596
980,508.3567288616648
981,148.42241752320314
982,3.750754060471039
983,3.750754060471039
984,2.5907349082465534
985,2.5910388332521785
986,546.1195319286984
987,525.5603745576376
988,525.5603745576376
989,531.00723645629
990,533.2777612009147
991,533.2777612009147
992,533.2777612009147
993,533.2777612009147
994,524.9050162399824
995,532.6224028832596
996,532.6224028832596
997,536.6486725165017
998,533.2777612009147
999,532.6224028832596
1000,532.6224028832596
1001,545.2300972118264
1002,488.1684669693395
1003,455.9963510838575
1004,442.3219700493002
1005,114.93220935768994
1006,2.846693893789819
1007,2.5910264616363285
1008,2.5910415569013967
1009,145.2135130242955
1010,530.3518781386349
1011,518.6086915093258
1012,505.86322358196435
1013,511.44470168684705
1014,524.9050162399824
1015,524.9050162399824
1016,524.9050162399824
1017,518.6086915093258
1018,505.86322358196435
1019,505.86322358196435
1020,505.86322358196435
1021,505.86322358196435
1022,505.86322358196435
1023,511.44470168684705
1024,502.2557337434889
1025,532.6224028832596
1026,532.6224028832596
1027,530.3518781386349
1028,520.2195898777412
1029,143.7724422751976
1030,2.5910388332521785
1031,2.5910415569013967
1032,2.5910404530433295
1033,193.92396504093148
1034,513.0121034338248
1035,536.0628420773011
1036,546.7130415458917
1037,544.442516801267
1038,524.9050162399824
1039,530.3518781386349
1040,532.6224028832596
1041,532.6224028832596
1042,532.6224028832596
1043,524.9050162399824
1044,505.86322358196435
1045,505.86322358196435
1046,534.3763452993892
1047,478.75690558446695
1048,478.75690558446695
1049,455.06171642441114
1050,457.78609641168595
1051,462.1701717054329
1052,445.96277263349657
1053,108.27575169488368
1054,3.7516998928517613
1055,3.7516998928517613
1056,3.7517015126429123
1057,216.60808416501058
1058,453.9743623500597
1059,453.9743623500597
1060,499.1590376688052
1061,525.5603745576376
1062,525.7629227433994
1063,525.7629227433994
1064,525.7629227433994
1065,525.5603745576376
1066,528.8444713344393
1067,525.1075644257442
1068,525.1075644257442
1069,525.1075644257442
1070,525.1075644257442
1071,525.1075644257442
1072,525.1075644257442
1073,525.1075644257442
1074,528.9058094614968
1075,524.9050162399824
1076,504.65236226136125
1077,143.801587157502
1078,2.5910415569013967
1079,2.5910415569013967
1080,2.5910415569013967
1081,243.09711201073432
1082,443.3193739127979
1083,525.1075644257442
1084,525.1075644257442
1085,525.1075644257442
1086,525.1075644257442
1087,524.9050162399824
1088,524.9050162399824
1089,524.9050162399824
1090,524.9050162399824
1091,525.1075644257442
1092,525.1075644257442
1093,525.1075644257442
1094,525.1075644257442
1095,525.1075644257442
1096,524.9050162399824
1097,532.6224028832596
1098,532.6224028832596
1099,532.6224028832596
1100,433.8131615276117
1101,115.31836988985482
1102,3.75075568026219
1103,2.846708989054887
1104,3.7507405849971223
1105,265.30603227432283
1106,455.29726635996775
1107,455.29726635996775
1108,508.0303027129249
1109,508.0303027129249
1110,514.2665710363361
1111,529.1338340589864
1112,525.7629227433994
1113,525.7629227433994
1114,524.2308638719849
1115,525.1075644257442
1116,525.1075644257442
1117,525.1075644257442
1118,525.1075644257442
1119,525.1075644257442
1120,525.1075644257442
1121,524.9050162399824
1122,532.6224028832596
1123,532.6224028832596
1124,532.6224028832596
1125,149.88815195940992
1126,115.34202093124578
1127,3.6490104514760646
1128,3.2946556440065713
1129,323.12004531178764
1130,550.6082230730672
1131,550.6082230730672
1132,550.6082230730672
1133,550.6082230730672
1134,595.4005127293026
1135,550.6082230730672
1136,550.6082230730672
1137,550.6082230730672
1138,550.6082230730672
1139,550.6082230730672
1140,550.6082230730672
1141,551.1583203616915
1142,538.9738467316853
1143,553.7408674614948
1144,556.4686796502785
1145,554.6421601016527
1146,556.4686796502785
1147,550.6082230730672
1148,550.6082230730672
1149,277.3623591329568
1150,117.36008468218786
1151,3.6490104514760646
1152,2.5963814866465578
1153,317.34677881261086
1154,553.7207669268839
1155,533.1381392905491
1156,561.2083396259784
1157,566.5104986270541
1158,554.6421601016527
1159,550.6082230730672
1160,550.6082230730672
1161,550.6082230730672
1162,550.6082230730672
1163,514.8861010849569
1164,500.9509717582263
1165,500.9509717582263
1166,525.1075644257442
1167,524.9050162399824
1168,533.4069406689596
1169,509.36343487881607
1170,507.09291013419136
1171,509.36343487881607
1172,508.9534972372674
1173,303.098028306699
1174,117.16808892713469
1175,3.6490104514760646
1176,2.5907376318957716
1177,305.4685585694605
1178,553.0019655780371
1179,536.0628420773011
1180,532.6224028832596
1181,532.6224028832596
1182,531.7078118687175
1183,532.6224028832596
1184,532.6224028832596
1185,532.6224028832596
1186,532.4827809728939
1187,532.6224028832596
1188,532.6224028832596
1189,532.6224028832596
1190,532.6224028832596
1191,532.6224028832596
1192,532.6224028832596
1193,532.6224028832596
1194,532.6224028832596
1195,532.6224028832596
1196,536.0628420773011
1197,308.2326053180183
1198,115.06239742883763
1199,2.5907349082465534
1200,2.5910388332521785
1201,401.98066516330175
1202,601.4023203939664
1203,593.9681574676968
1204,593.9681574676968
1205,593.9681574676968
1206,593.9681574676968
1207,593.9681574676968
1208,593.9681574676968
1209,590.1054010322655
1210,580.5110556221493
1211,569.0555162371643
1212,532.6224028832596
1213,532.6224028832596
1214,532.6224028832596
1215,532.6224028832596
1216,532.6224028832596
1217,532.6224028832596
1218,532.6224028832596
1219,536.0628420773011
1220,554.0731870172821
1221,343.18097939872575
1222,132.33550940586102
1223,4.757672657555552
1224,2.5907349082465534
1225,352.7353803731739
1226,536.0628420773011
1227,556.3315876213833
1228,556.4686796502785
1229,550.6082230730672
1230,550.6082230730672
1231,550.6082230730672
1232,550.6082230730672
1233,550.6082230730672
1234,550.6082230730672
1235,511.35459995787625
1236,490.07225768498955
1237,538.9738467316853
1238,510.1077365929963
1239,504.5262584881136
1240,532.6224028832596
1241,532.6224028832596
1242,532.6224028832596
1243,532.6224028832596
1244,512.4068531768443
1245,305.725547405435
1246,111.49778062866658
1247,2.591680740627276
1248,2.598290004174001
1249,299.5107283753451
1250,436.0142842965628
1251,441.6698449681529
1252,491.55081300961336
1253,507.62978574698803
1254,512.542037570726
1255,532.6639581221644
1256,510.7105531141813
1257,493.87325415896316
1258,502.18065831045317
1259,550.6082230730672
1260,550.6082230730672
1261,550.6082230730672
1262,550.6082230730672
1263,554.6220595670419
1264,554.6220595670419
1265,554.6220595670419
1266,603.6816772605721
1267,554.6220595670419
1268,554.6220595670419
1269,303.3192822912418
1270,117.16808892713469
1271,3.6490104514760646
1272,2.5919722940170518
1273,287.0642718673286
1274,490.81201858574076
1275,500.9509717582263
1276,500.9509717582263
1277,428.18738609242297
1278,430.4220313521169
1279,505.86322358196435
1280,505.86322358196435
1281,505.86322358196435
1282,525.1075644257442
1283,436.97296885763876
1284,443.3181566956301
1285,524.9050162399824
1286,532.6224028832596
1287,532.6224028832596
1288,532.6224028832596
1289,532.6224028832596
1290,532.6224028832596
1291,532.6224028832596
1292,532.6224028832596
1293,292.4771427843979
1294,118.503248968842
1295,3.6490120712672156
1296,5.42424890031912
1297,397.3133385415291
1298,593.9681574676968
1299,593.9681574676968
1300,593.9681574676968
1301,593.9681574676968
1302,593.9681574676968
1303,593.9681574676968
1304,550.6082230730672
1305,554.6220595670419
1306,554.6220595670419
1307,554.6220595670419
1308,554.6220595670419
1309,544.7016443102785
1310,544.7016443102785
1311,544.7016443102785
1312,554.6220595670419
1313,554.6220595670419
1314,554.6220595670419
1315,554.6220595670419
1316,554.6220595670419
1317,303.3192822912418
1318,117.16808892713469
1319,3.6490104514760646
1320,2.2073473376728545
1321,323.12004531178764
1322,550.6082230730672
1323,550.6082230730672
1324,550.6082230730672
1325,550.6082230730672
1326,550.6082230730672
1327,550.6082230730672
1328,550.6082230730672
1329,550.6082230730672
1330,550.6082230730672
1331,550.6082230730672
1332,550.6082230730672
1333,550.6082230730672
1334,532.4827809728939
1335,532.6224028832596
1336,532.6224028832596
1337,532.6224028832596
1338,532.6224028832596
1339,546.7130415458917
1340,533.2777612009147
1341,308.9277736892857
1342,118.50294504383639
1343,2.5907349082465534
1344,2.5919846656329013
1345,296.12753346579905
1346,517.2717264154751
1347,532.6224028832596
1348,532.6224028832596
1349,532.6224028832596
1350,532.6224028832596
1351,504.5262584881136
1352,505.86322358196435
1353,502.2557337434889
1354,530.3518781386349
1355,524.9050162399824
1356,524.9050162399824
1357,530.3518781386349
1358,530.3518781386349
1359,532.6224028832596
1360,510.1077365929963
1361,491.10476188109186
1362,460.31739860251633
1363,432.28498355315634
1364,421.6180760071163
1365,256.68869513810847
1366,114.28669121055417
1367,3.297888928911488
1368,3.297888928911488
1369,247.76866304493691
1370,429.7107617020335
1371,445.50317469542847
1372,444.9492625071104
1373,452.3798350393461
1374,504.2648381087375
1375,474.05297627448107
1376,447.28729357765934
1377,447.28729357765934
1378,497.34348191975084
1379,497.34348191975084
1380,500.9509717582263
1381,511.44470168684705
1382,524.9050162399824
1383,524.9050162399824
1384,498.19981854454767
1385,464.012822841757
1386,484.6597409526523
1387,436.4087617647095
1388,430.4220313521169
1389,250.749601903827
1390,112.84243199101016
1391,2.59198738928212
1392,3.2946556440065713
1393,361.88528245688684
1394,554.7977857601425
1395,550.6082230730672
1396,550.6082230730672
1397,550.6082230730672
1398,550.6082230730672
1399,550.6082230730672
1400,550.6082230730672
1401,550.6082230730672
1402,550.6082230730672
1403,542.8908364297899
1404,542.8908364297899
1405,542.8908364297899
1406,542.8908364297899
1407,542.8908364297899
1408,570.881115453052
1409,554.6220595670419
1410,554.6220595670419
1411,570.881115453052
1412,570.881115453052
1413,315.9514544006477
1414,117.05600940366699
1415,3.6490104514760646
1416,3.750754060471039
1417,309.67002621146594
1418,533.2777612009147
1419,515.2960499727483
1420,532.6224028832596
1421,502.2557337434889
1422,497.34348191975084
1423,504.5262584881136
1424,504.5262584881136
1425,532.6224028832596
1426,532.6224028832596
1427,532.6224028832596
1428,532.6224028832596
1429,515.0012016708504
1430,500.9509717582263
1431,500.9509717582263
1432,505.86322358196435
1433,505.86322358196435
1434,505.86322358196435
1435,524.9050162399824
1436,532.6224028832596
1437,292.4771427843979
1438,120.4965174029243
1439,2.5910415569013967
1440,4.993779416533055
1441,4.993779416533055
1442,4.993779416533055
1443,262.6416333333333
1444,530.8169999999997
1445,528.7295999999997
1446,528.7295999999997
1447,528.7295999999997
1448,528.7295999999997
1449,521.3232499999998
1450,531.9072499999997
1451,532.6912499999997
1452,532.9656499999996
1453,532.6912499999997
1454,552.4284499999998
1455,552.4284499999998
1456,552.4284499999998
1457,552.4284499999998
1458,551.0172499999998
1459,327.4751666666666
1460,143.4144977502068
1461,5.163392415692884
1462,5.241691036382537
1463,7.73052382678834
1464,5.241747410225311
1465,5.241747410225311
1466,5.143848789535656
1467,498.5014999999996
1468,525.5249999999996
1469,535.2857999999997
1470,537.8656499999996
1471,536.7239499999997
1472,533.7153499999997
1473,531.8533499999998
1474,532.3531499999998
1475,539.1543499999997
1476,535.1363499999998
1477,531.8533499999998
1478,533.4115499999998
1479,533.4115499999998
1480,534.6757499999998
1481,550.8604499999998
1482,553.1046499999998
1483,371.9957499999999
1484,146.88119749379655
1485,6.057864619328726
1486,4.187526454733449
1487,5.143848789535656
1488,8.042034544483897
1489,6.953535081968759
1490,244.5569288574329
1491,542.6259999999997
1492,534.3036999999998
1493,572.9262933333332
1494,574.9199399999998
1495,574.0771399999998
1496,567.9549399999999
1497,532.1081499999998
1498,532.1081499999998
1499,532.1081499999998
1500,532.1081499999998
1501,554.5158499999998
1502,552.4284499999998
1503,552.4284499999998
1504,552.4284499999998
1505,552.4284499999998
1506,552.4284499999998
1507,551.0172499999998
1508,231.01236666666665
1509,154.0097245952458
1510,6.30874589643285
1511,6.282540748251349
1512,4.846754352594436
1513,4.846754352594436
1514,229.9930446969697
1515,528.7295999999997
1516,528.7295999999997
1517,528.7295999999997
1518,528.7295999999997
1519,528.7295999999997
1520,521.3232499999998
1521,552.4284499999998
1522,552.4284499999998
1523,552.4284499999998
1524,552.3010499999997
1525,552.4284499999998
1526,532.1081499999998
1527,532.1081499999998
1528,532.1081499999998
1529,532.1865499999998
1530,532.1865499999998
1531,530.7753499999998
1532,320.20911999999987
1533,148.08224485165607
1534,7.730555136692493
1535,7.730555136692493
1536,6.953622131992135
1537,6.953622131992135
1538,454.9994187878786
1539,502.0784999999997
1540,530.8169999999997
1541,527.8794499999997
1542,500.5619499999997
1543,533.9701499999998
1544,532.1081499999998
1545,532.1081499999998
1546,532.1081499999998
1547,532.1081499999998
1548,534.6757499999998
1549,552.4284499999998
1550,552.4284499999998
1551,552.4284499999998
1552,552.4284499999998
1553,552.4284499999998
1554,552.4284499999998
1555,551.0172499999998
1556,331.68916666666655
1557,141.3801881849894
1558,5.6732313115605955
1559,11.304933360581444
1560,10.223986721258337
1561,8.43514096882344
1562,492.13429999999977
1563,538.1060999999997
1564,575.6838733333329
1565,568.9027399999998
1566,558.9846499999998
1567,554.5158499999998
1568,554.5158499999998
1569,554.5158499999998
1570,552.4284499999998
1571,552.4284499999998
1572,552.4284499999998
1573,552.4284499999998
1574,552.4284499999998
1575,552.4284499999998
1576,552.4284499999998
1577,552.4284499999998
1578,552.4284499999998
1579,551.0172499999998
1580,327.4751666666666
1581,146.88119749379655
1582,8.803125192602481
1583,4.2198036708733015
1584,5.8380256669527
1585,8.120277651999908
1586,500.54479999999967
1587,533.9704999999998
1588,532.5298999999999
1589,570.4931399999998
1590,574.7680399999997
1591,532.1081499999998
1592,532.3531499999998
1593,554.5158499999998
1594,552.4284499999998
1595,552.4284499999998
1596,552.4284499999998
1597,552.4284499999998
1598,552.4284499999998
1599,552.4284499999998
1600,531.9072499999997
1601,552.4284499999998
1602,552.4284499999998
1603,551.0172499999998
1604,327.4751666666666
1605,146.88119749379655
1606,9.055716954711574
1607,9.055716954711574
1608,9.055716954711574
1609,9.055716954711574
1610,233.35678333333328
1611,247.48127833333328
1612,247.1578783333333
1613,247.1578783333333
1614,247.1578783333333
1615,247.1578783333333
1616,256.0070333333333
1617,256.0070333333333
1618,367.74499999999983
1619,479.00929999999977
1620,530.8169999999997
1621,528.7295999999997
1622,550.6056499999999
1623,552.3010499999997
1624,552.3010499999997
1625,552.3010499999997
1626,502.07114999999976
1627,494.5447499999997
1628,319.6211199999999
1629,148.08224485165607
1630,9.201321397803031
1631,8.886387066486746
1632,4.993779416533055
1633,4.993779416533055
1634,523.3885999999998
1635,528.7295999999997
1636,528.7295999999997
1637,528.7295999999997
1638,528.7295999999997
1639,528.7295999999997
1640,509.94299999999964
1641,505.30759999999975
1642,509.94299999999964
1643,507.0519999999996
1644,532.6912499999997
1645,532.5638499999997
1646,531.5348499999997
1647,531.6524499999997
1648,517.0994499999997
1649,505.70939999999973
1650,484.9039999999999
1651,371.8658999999999
1652,220.75809636363633
1653,136.27090082712988
1654,4.915323042690283
1655,4.915323042690283
1656,4.788146509457182
1657,4.817551234919632
1658,382.7782000000001
1659,388.60920000000004
1660,383.1114
1661,383.64059999999995
1662,409.8359999999999
1663,502.2842999999997
1664,502.2842999999997
1665,465.6347499999998
1666,514.5563499999997
1667,514.6445499999998
1668,512.8511499999998
1669,479.8153499999999
1670,360.36804999999987
1671,382.69
1672,373.24279999999993
1673,377.2068999999999
1674,380.0292999999999
1675,498.5676499999998
1676,352.2095499999999
1677,141.2532208271299
1678,4.993779416533055
1679,4.993779416533055
1680,4.993779416533055
1681,4.846723042690283
1682,265.1798333333333
1683,395.74359999999984
1684,505.36639999999977
1685,528.7295999999997
1686,528.7295999999997
1687,528.7295999999997
1688,505.30759999999975
1689,505.70939999999973
1690,505.70939999999973
1691,505.30759999999975
1692,505.30759999999975
1693,492.3838499999998
1694,501.4390499999997
1695,532.5638499999997
1696,552.4284499999998
1697,552.4284499999998
1698,552.4284499999998
1699,551.0172499999998
1700,375.5457999999999
1701,144.16382082712988
1702,4.993779416533055
1703,4.993779416533055
1704,4.246134297870704
1705,5.539773363366882
1706,515.9822499999998
1707,528.7295999999997
1708,528.7295999999997
1709,528.7295999999997
1710,528.7295999999997
1711,528.7295999999997
1712,528.7295999999997
1713,528.7295999999997
1714,552.3010499999997
1715,552.4284499999998
1716,552.4284499999998
1717,537.9048499999998
1718,525.8385999999997
1719,555.9662499999998
1720,552.4284499999998
1721,552.4284499999998
1722,435.00239999999985
1723,399.7566999999999
1724,374.25219999999985
1725,141.0964208271299
1726,4.846754352594436
1727,9.281091890772954
1728,8.987091890772955
1729,154.47276615499874
1730,551.0172499999998
1731,531.7798499999997
1732,532.5638499999997
1733,532.5638499999997
1734,552.3010499999997
1735,552.3010499999997
1736,552.3010499999997
1737,552.3010499999997
1738,532.5638499999997
1739,532.5638499999997
1740,532.5638499999997
1741,532.5638499999997
1742,532.5638499999997
1743,532.5638499999997
1744,532.5638499999997
1745,552.4284499999998
1746,552.4284499999998
1747,552.3010499999997
1748,404.30022499999984
1749,146.88119749379655
1750,8.987116954711574
1751,8.987091890772955
1752,8.987091890772955
1753,193.59891360490764
1754,475.6062499999999
1755,528.7295999999997
1756,528.7295999999997
1757,528.7295999999997
1758,552.3010499999997
1759,552.4284499999998
1760,552.4284499999998
1761,552.4284499999998
1762,531.9072499999997
1763,552.3010499999997
1764,532.5638499999997
1765,532.5638499999997
1766,514.9042499999996
1767,399.7566999999999
1768,417.2643999999998
1769,402.5888999999999
1770,381.67569999999984
1771,254.4782333333333
1772,252.04783333333333
1773,135.7074008271299
1774,4.9937230426902826
1775,4.9937230426902826
1776,4.9937230426902826
1777,186.9722624937965
1778,252.4888333333333
1779,267.1692333333333
1780,400.0898999999999
1781,528.7295999999997
1782,528.7295999999997
1783,528.7295999999997
1784,528.7295999999997
1785,528.7295999999997
1786,525.8385999999997
1787,552.3010499999997
1788,552.3010499999997
1789,552.3010499999997
1790,552.3010499999997
1791,552.3010499999997
1792,552.3010499999997
1793,552.3010499999997
1794,538.9632499999997
1795,552.3010499999997
1796,404.8686249999999
1797,144.05879749379653
1798,9.281091890772954
1799,8.987091890772955
1800,9.281091890772954
1801,218.27539527157435
1802,404.8686249999999
1803,548.3908499999997
1804,539.2082499999998
1805,555.8388499999996
1806,552.3010499999997
1807,552.3010499999997
1808,552.3010499999997
1809,552.3010499999997
1810,552.3010499999997
1811,552.3010499999997
1812,552.3010499999997
1813,554.3884499999997
1814,554.3884499999997
1815,552.3010499999997
1816,552.3010499999997
1817,552.4284499999998
1818,552.4284499999998
1819,552.4284499999998
1820,404.30022499999984
1821,137.36098749379653
1822,4.1316397894876395
1823,4.099109233932085
1824,4.846754352594436
1825,231.41036496854406
1826,260.43663333333325
1827,380.5780999999999
1828,509.94299999999964
1829,528.7295999999997
1830,528.7295999999997
1831,521.3232499999998
1832,528.7295999999997
1833,528.7295999999997
1834,521.3232499999998
1835,552.3010499999997
1836,552.3010499999997
1837,552.3010499999997
1838,552.3010499999997
1839,552.3010499999997
1840,552.3010499999997
1841,552.3010499999997
1842,552.4284499999998
1843,552.4284499999998
1844,556.9070499999997
1845,218.28156358974357
1846,148.08224485165607
1847,7.877580200631112
1848,11.470248881231562
1849,239.12818916046325
1850,530.6969499999998
1851,532.1081499999998
1852,532.1081499999998
1853,532.1081499999998
1854,574.7680399999997
1855,532.1081499999998
1856,532.1081499999998
1857,532.1081499999998
1858,532.1081499999998
1859,532.1081499999998
1860,532.1081499999998
1861,552.5950499999998
1862,552.5950499999998
1863,533.4115499999998
1864,532.1081499999998
1865,532.1081499999998
1866,532.1081499999998
1867,532.1081499999998
1868,531.0791499999997
1869,273.05784692307685
1870,114.82095201815179
1871,7.877580200631112
1872,5.447207806264914
1873,244.5569288574329
1874,499.0012999999997
1875,528.7295999999997
1876,530.8169999999997
1877,494.6133499999997
1878,535.8811499999997
1879,533.8819499999997
1880,532.1081499999998
1881,532.1081499999998
1882,532.1081499999998
1883,512.6943499999999
1884,532.9656499999996
1885,532.9656499999996
1886,552.3010499999997
1887,552.3010499999997
1888,532.3531499999998
1889,512.3709499999998
1890,512.3709499999998
1891,512.3709499999998
1892,447.91634999999985
1893,317.79379692307685
1894,148.08224485165607
1895,7.877580200631112
1896,4.57680301963227
1897,218.39272552409955
1898,498.5014999999996
1899,523.4106499999997
1900,552.4284499999998
1901,552.4284499999998
1902,554.5158499999998
1903,552.4284499999998
1904,552.4284499999998
1905,552.4284499999998
1906,533.4115499999998
1907,550.8604499999998
1908,552.4284499999998
1909,552.4284499999998
1910,552.4284499999998
1911,552.4284499999998
1912,552.4284499999998
1913,552.4284499999998
1914,552.4284499999998
1915,561.5620499999998
1916,551.0172499999998
1917,331.5054166666665
1918,143.9090208271299
1919,4.187526454733449
1920,8.812925192602481
1921,270.3642488574329
1922,570.9822999999998
1923,574.0771399999998
1924,567.9549399999999
1925,567.9549399999999
1926,567.9549399999999
1927,567.9549399999999
1928,566.7691399999999
1929,566.7691399999999
1930,573.8153399999998
1931,587.7353999999999
1932,552.4284499999998
1933,552.4284499999998
1934,552.4284499999998
1935,552.4284499999998
1936,552.4284499999998
1937,552.4284499999998
1938,552.4284499999998
1939,552.4284499999998
1940,570.5951999999996
1941,376.02204230769235
1942,167.82178723738627
1943,10.477384846578131
1944,8.918591906910427
1945,225.3881288574329
1946,536.7386499999998
1947,539.4189499999998
1948,533.2841499999998
1949,532.1081499999998
1950,532.1081499999998
1951,532.1081499999998
1952,532.1081499999998
1953,532.1081499999998
1954,532.1081499999998
1955,512.6159499999998
1956,534.7786499999997
1957,535.1363499999998
1958,532.6912499999997
1959,532.6912499999997
1960,552.4284499999998
1961,552.4284499999998
1962,552.4284499999998
1963,552.4284499999998
1964,515.5608499999997
1965,295.1670166666666
1966,129.03920441687345
1967,4.112072198792589
1968,7.87752382678834
1969,222.81072885743288
1970,371.25339999999994
1971,368.93079999999986
1972,434.77209999999985
1973,501.8751499999998
1974,508.26474999999976
1975,465.6347499999998
1976,479.26409999999976
1977,490.54634999999973
1978,512.7727499999997
1979,532.1081499999998
1980,532.1081499999998
1981,494.67214999999976
1982,502.0784999999997
1983,502.0784999999997
1984,502.0784999999997
1985,502.0784999999997
1986,502.0784999999997
1987,502.0784999999997
1988,496.2474999999997
1989,323.40391999999986
1990,148.08224485165607
1991,7.877580200631112
1992,9.320260580868801
1993,217.9323952715743
1994,500.1650499999998
1995,532.9656499999996
1996,532.9656499999996
1997,386.6210249999999
1998,245.2370783333333
1999,532.5638499999997
2000,532.5638499999997
2001,532.5638499999997
2002,552.3010499999997
2003,408.7886249999999
2004,407.3186249999999
2005,552.3010499999997
2006,552.4284499999998
2007,552.4284499999998
2008,552.4284499999998
2009,552.4284499999998
2010,552.4284499999998
2011,552.4284499999998
2012,551.0172499999998
2013,320.57253666666656
2014,150.91068818498943
2015,6.953535081968759
2016,8.46347627914068
2017,282.3135521907662
2018,531.3538999999998
2019,532.2260999999997
2020,567.9549399999999
2021,567.9549399999999
2022,567.9549399999999
2023,567.9549399999999
2024,502.0784999999997
2025,502.0784999999997
2026,502.0784999999997
2027,502.0784999999997
2028,502.0784999999997
2029,502.0784999999997
2030,502.2842999999997
2031,502.2842999999997
2032,502.0784999999997
2033,502.0784999999997
2034,502.0784999999997
2035,502.0784999999997
2036,496.2474999999997
2037,323.40391999999986
2038,148.08224485165607
2039,7.877580200631112
2040,9.128076486865368
2041,239.12818916046325
2042,530.6969499999998
2043,532.1081499999998
2044,532.1081499999998
2045,532.1081499999998
2046,532.1081499999998
2047,532.1081499999998
2048,532.1081499999998
2049,532.1081499999998
2050,532.1081499999998
2051,532.1081499999998
2052,532.1081499999998
2053,532.1081499999998
2054,554.5158499999998
2055,552.4284499999998
2056,552.4284499999998
2057,552.4284499999998
2058,552.4284499999998
2059,552.4284499999998
2060,515.9822499999998
2061,327.4751666666666
2062,146.79299749379655
2063,5.539773363366882
2064,9.055660580868803
2065,213.4185424937966
2066,530.4960499999996
2067,552.4284499999998
2068,552.4284499999998
2069,552.4284499999998
2070,552.4284499999998
2071,532.6912499999997
2072,532.5638499999997
2073,532.5638499999997
2074,552.4284499999998
2075,552.3010499999997
2076,552.3010499999997
2077,552.4284499999998
2078,552.4284499999998
2079,552.4284499999998
2080,532.6912499999997
2081,501.30184999999983
2082,390.17842499999983
2083,385.88602499999985
2084,245.6682783333333
2085,205.97233916046326
2086,137.6767681849894
2087,11.440792507388789
2088,11.69559250738879
2089,226.56285974869851
2090,283.253075
2091,253.88067833333332
2092,232.29740333333336
2093,373.2991499999999
2094,518.1088499999997
2095,487.9346499999999
2096,390.17842499999983
2097,388.70842499999986
2098,533.0930499999997
2099,533.0930499999997
2100,532.5638499999997
2101,531.7798499999997
2102,552.3010499999997
2103,552.3010499999997
2104,502.0760499999999
2105,390.82522499999993
2106,441.2964499999999
2107,384.8962249999999
2108,383.4850249999999
2109,313.8433666666666
2110,132.66727749379655
2111,9.281060580868802
2112,6.953535081968759
2113,244.4589288574329
2114,496.2474999999997
2115,498.78814999999975
2116,532.1081499999998
2117,532.1081499999998
2118,532.1081499999998
2119,532.1081499999998
2120,532.1081499999998
2121,532.1081499999998
2122,532.1865499999998
2123,532.1865499999998
2124,532.1865499999998
2125,532.1865499999998
2126,532.1865499999998
2127,479.01174999999967
2128,499.1874999999998
2129,494.67214999999976
2130,532.1081499999998
2131,532.4903499999997
2132,496.2474999999997
2133,323.40391999999986
2134,148.08224485165607
2135,7.877580200631112
2136,4.934116567163977
2137,243.43891219076625
2138,495.4095999999997
2139,497.0192499999997
2140,556.2308499999998
2141,532.6912499999997
2142,533.0930499999997
2143,532.6912499999997
2144,532.6912499999997
2145,531.9072499999997
2146,552.4284499999998
2147,552.4284499999998
2148,552.4284499999998
2149,531.7798499999997
2150,532.5638499999997
2151,532.9656499999996
2152,532.9656499999996
2153,532.5638499999997
2154,532.5638499999997
2155,552.3010499999997
2156,551.0172499999998
2157,327.4751666666666
2158,143.77459749379653
2159,9.281091890772954
